{"cameraMode":{"drawMode":0,"name":"Shaded","section":"Shading Mode"},"sceneLighting":false,"audioPlay":false,"sceneViewState":{"m_AlwaysRefresh":false,"showFog":true,"showSkybox":false,"showFlares":true,"showImageEffects":true,"showParticleSystems":true,"showVisualEffectGraphs":true,"m_FxEnabled":true},"in2DMode":false,"pivot":{"x":1.1648588180541993,"y":-0.10905170440673828,"z":1.3913148641586304},"rotation":{"x":0.0894145593047142,"y":-0.735546886920929,"z":0.09901601076126099,"w":0.6642343401908875},"size":2.1405532360076906,"orthographic":false}