{"cameraMode":{"drawMode":0,"name":"Shaded","section":"Shading Mode"},"sceneLighting":false,"audioPlay":false,"sceneViewState":{"m_AlwaysRefresh":false,"showFog":true,"showSkybox":false,"showFlares":true,"showImageEffects":true,"showParticleSystems":true,"showVisualEffectGraphs":true,"m_FxEnabled":true},"in2DMode":false,"pivot":{"x":1.6957286596298218,"y":0.03306722640991211,"z":-1.2794089317321778},"rotation":{"x":-0.02963697910308838,"y":-0.9530665874481201,"z":0.09929562360048294,"w":-0.28449001908302309},"size":2.2210967540740969,"orthographic":false}