{"cameraMode":{"drawMode":0,"name":"Shaded","section":"Shading Mode"},"sceneLighting":false,"audioPlay":false,"sceneViewState":{"m_AlwaysRefresh":false,"showFog":true,"showSkybox":false,"showFlares":true,"showImageEffects":true,"showParticleSystems":true,"showVisualEffectGraphs":true,"m_FxEnabled":true},"in2DMode":false,"pivot":{"x":0.06785821914672852,"y":0.23518872261047364,"z":-0.2604586184024811},"rotation":{"x":0.05108743533492088,"y":-0.7439893484115601,"z":0.05725788697600365,"w":0.6637973189353943},"size":3.1018598079681398,"orthographic":false}