{"cameraMode":{"drawMode":0,"name":"Shaded","section":"Shading Mode"},"sceneLighting":false,"audioPlay":false,"sceneViewState":{"m_AlwaysRefresh":false,"showFog":true,"showSkybox":false,"showFlares":true,"showImageEffects":true,"showParticleSystems":true,"showVisualEffectGraphs":true,"m_FxEnabled":true},"in2DMode":false,"pivot":{"x":-0.029814720153808595,"y":2.675994873046875,"z":-0.2640533447265625},"rotation":{"x":-0.014585246331989766,"y":0.8615840077400208,"z":-0.024842262268066407,"w":-0.5068098902702332},"size":7.544356822967529,"orthographic":false}