{"cameraMode":{"drawMode":0,"name":"Shaded","section":"Shading Mode"},"sceneLighting":false,"audioPlay":false,"sceneViewState":{"m_AlwaysRefresh":false,"showFog":true,"showSkybox":false,"showFlares":true,"showImageEffects":true,"showParticleSystems":true,"showVisualEffectGraphs":true,"m_FxEnabled":true},"in2DMode":false,"pivot":{"x":-0.3512037992477417,"y":-0.07180441915988922,"z":0.2053520679473877},"rotation":{"x":0.0353948250412941,"y":-0.8435488939285278,"z":0.05601731315255165,"w":0.5329809784889221},"size":1.5000102519989014,"orthographic":false}