{"cameraMode":{"drawMode":0,"name":"Shaded","section":"Shading Mode"},"sceneLighting":false,"audioPlay":false,"sceneViewState":{"m_AlwaysRefresh":false,"showFog":true,"showSkybox":false,"showFlares":true,"showImageEffects":true,"showParticleSystems":true,"showVisualEffectGraphs":true,"m_FxEnabled":true},"in2DMode":false,"pivot":{"x":1.8420770168304444,"y":-0.07341396808624268,"z":-0.8112924098968506},"rotation":{"x":0.07434294372797013,"y":-0.7958728671073914,"z":0.09985240548849106,"w":0.592557966709137},"size":3.1666910648345949,"orthographic":false}