{"cameraMode":{"drawMode":0,"name":"Shaded","section":"Shading Mode"},"sceneLighting":false,"audioPlay":false,"sceneViewState":{"m_AlwaysRefresh":false,"showFog":true,"showSkybox":false,"showFlares":true,"showImageEffects":true,"showParticleSystems":true,"showVisualEffectGraphs":true,"m_FxEnabled":true},"in2DMode":false,"pivot":{"x":-2.387972116470337,"y":0.48558998107910159,"z":0.07593035697937012},"rotation":{"x":0.09591098874807358,"y":-0.8205499649047852,"z":0.14449787139892579,"w":0.5446597337722778},"size":5.489268779754639,"orthographic":false}