{"cameraMode":{"drawMode":0,"name":"Shaded","section":"Shading Mode"},"sceneLighting":false,"audioPlay":false,"sceneViewState":{"m_AlwaysRefresh":false,"showFog":true,"showSkybox":false,"showFlares":true,"showImageEffects":true,"showParticleSystems":true,"showVisualEffectGraphs":true,"m_FxEnabled":true},"in2DMode":false,"pivot":{"x":-0.1729285717010498,"y":0.035788536071777347,"z":-0.050251126289367679},"rotation":{"x":-0.014585246331989766,"y":0.8615840077400208,"z":-0.024842262268066407,"w":-0.5068098902702332},"size":1.8972011804580689,"orthographic":false}