{"cameraMode":{"drawMode":0,"name":"Shaded","section":"Shading Mode"},"sceneLighting":false,"audioPlay":false,"sceneViewState":{"m_AlwaysRefresh":false,"showFog":true,"showSkybox":false,"showFlares":true,"showImageEffects":true,"showParticleSystems":true,"showVisualEffectGraphs":true,"m_FxEnabled":true},"in2DMode":false,"pivot":{"x":0.12010669708251953,"y":0.5572316646575928,"z":3.3699984550476076},"rotation":{"x":-0.06118950620293617,"y":0.6387912034988403,"z":-0.05111018940806389,"w":-0.7652473449707031},"size":5.2322187423706059,"orthographic":false}