{"cameraMode":{"drawMode":0,"name":"Shaded","section":"Shading Mode"},"sceneLighting":false,"audioPlay":false,"sceneViewState":{"m_AlwaysRefresh":false,"showFog":true,"showSkybox":false,"showFlares":true,"showImageEffects":true,"showParticleSystems":true,"showVisualEffectGraphs":true,"m_FxEnabled":true},"in2DMode":false,"pivot":{"x":1.2455692291259766,"y":0.12934058904647828,"z":-0.041880279779434207},"rotation":{"x":0.0894145593047142,"y":-0.735546886920929,"z":0.09901601076126099,"w":0.6642343401908875},"size":1.532322645187378,"orthographic":false}