{"cameraMode":{"drawMode":0,"name":"Shaded","section":"Shading Mode"},"sceneLighting":false,"audioPlay":false,"sceneViewState":{"m_AlwaysRefresh":false,"showFog":true,"showSkybox":false,"showFlares":true,"showImageEffects":true,"showParticleSystems":true,"showVisualEffectGraphs":true,"m_FxEnabled":true},"in2DMode":false,"pivot":{"x":0.17691707611083985,"y":0.11039519309997559,"z":-0.45216047763824465},"rotation":{"x":0.09591098874807358,"y":-0.8205499649047852,"z":0.14449787139892579,"w":0.5446597337722778},"size":2.400022506713867,"orthographic":false}