{"cameraMode":{"drawMode":0,"name":"Shaded","section":"Shading Mode"},"sceneLighting":false,"audioPlay":false,"sceneViewState":{"m_AlwaysRefresh":false,"showFog":true,"showSkybox":false,"showFlares":true,"showImageEffects":true,"showParticleSystems":true,"showVisualEffectGraphs":true,"m_FxEnabled":true},"in2DMode":false,"pivot":{"x":0.017100542783737184,"y":0.4460136890411377,"z":-0.7707090377807617},"rotation":{"x":0.007819206453859806,"y":-0.9919798970222473,"z":0.09883855283260346,"w":0.07845033705234528},"size":1.7201261520385743,"orthographic":false}