{"cameraMode":{"drawMode":0,"name":"Shaded","section":"Shading Mode"},"sceneLighting":false,"audioPlay":false,"sceneViewState":{"m_AlwaysRefresh":false,"showFog":true,"showSkybox":false,"showFlares":true,"showImageEffects":true,"showParticleSystems":true,"showVisualEffectGraphs":true,"m_FxEnabled":true},"in2DMode":false,"pivot":{"x":195.1656494140625,"y":258.00579833984377,"z":-143.30474853515626},"rotation":{"x":-0.014204796403646469,"y":0.9655235409736633,"z":-0.053944334387779239,"w":-0.25430208444595339},"size":515.377685546875,"orthographic":false}